index,title,price,rating,reviews,availability
0,ASIAN Men's Wonder-13 Sports Running Shoes,₹514.00,3.9 out of 5 stars,"90,238 ratings",In stock
1,Adidas Mens Restound M Running Shoe,"₹1,320.00",4.2 out of 5 stars,212 ratings,In stock
2,ASICS Men's Black Running Shoes,"₹2,153.00",4.0 out of 5 stars,"2,445 ratings",In stock
3,Campus Mike (N) Men's Running Shoes,₹968.00,3.8 out of 5 stars,"4,771 ratings",In stock
4,Amazon Brand - Symactive Mens Walking Shoe,₹699.00,4.0 out of 5 stars,872 ratings,In stock
5,Centrino Mens 6072-01 Running Shoe,₹499.00,4.0 out of 5 stars,45 ratings,In stock
6,Amazon Brand - Symactive Men's Walking Shoe,₹869.00,4.0 out of 5 stars,153 ratings,
7,Amazon Brand - Symactive Mens Cooper Running Shoe,₹999.00,4.0 out of 5 stars,121 ratings,Only 2 left in stock
8,Amazon Brand - Symactive Mens Prism Running Shoe,₹899.00,4.0 out of 5 stars,713 ratings,In stock
9,Lotto Mens Vertigo Running Shoes,₹625.00,4.0 out of 5 stars,"16,364 ratings",In stock
10,Campus Men's Maxico Running Shoes,₹869.00,3.9 out of 5 stars,"22,434 ratings",In stock
11,Sparx Men SM-680 Sports Shoes,"₹1,199.00",4.0 out of 5 stars,994 ratings,In stock
12,Sparx Men Running Shoes,"₹1,049.00",4.1 out of 5 stars,"16,885 ratings",In stock
13,Campus Mens Atlantis Running,₹749.00,4.0 out of 5 stars,18 ratings,In stock
14,Campus Men's Everest Running Shoes,₹705.00,3.7 out of 5 stars,"1,506 ratings",In stock
15,Campus Men's Crysta PRO Running Shoe,₹714.00,3.9 out of 5 stars,"19,208 ratings",In stock
16,Adidas Mens Pictor M Running Shoe,"₹2,279.00",4.0 out of 5 stars,139 ratings,In stock
17,Adidas Mens Adi Zoom M Running Shoe,"₹1,089.00",3.9 out of 5 stars,574 ratings,In stock
18,Bourge Mens Loire-z1 Running Shoes,₹699.00,4.0 out of 5 stars,"22,693 ratings",In stock
19,Campus Men's North Plus Running Shoes,"₹1,138.00",3.9 out of 5 stars,"7,952 ratings",In stock
20,Campus mens City-ride Running Shoe Sport shoe,₹900.00,3.8 out of 5 stars,"1,798 ratings",In stock
21,Adidas Mens Classigy M Running Shoe,"₹1,609.00",4.0 out of 5 stars,822 ratings,In stock
22,Bourge Men's Loire-z126 Running Shoes,₹599.00,3.8 out of 5 stars,"29,646 ratings",In stock
23,"ASIAN Men's FUTURE-01 Sports Running,Walking & Gym Shoes with Eva Sole Extra Jump Casual Sneaker Shoes for Men's & Boy's",₹514.00,3.8 out of 5 stars,"6,989 ratings",In stock
24,"Red Tape Running Sports Shoes for Men | Soft Cushioned Insole, Slip-Resistance, Dynamic Feet Support, Arch Support & Shock Absorption","₹1,484.00",3.7 out of 5 stars,133 ratings,In stock
25,Sparx Men's Running Shoes,"₹1,319.00",4.2 out of 5 stars,"5,072 ratings",In stock
26,Amazon Brand - Symactive Mens Fanatic Running Shoe,₹769.00,3.8 out of 5 stars,604 ratings,In stock
27,Campus Men's MAXICO BLU/Sky Running Shoes-10 UK (44 EU) (CG-345),₹714.00,4.1 out of 5 stars,398 ratings,In stock
28,Campus Men's Strom PRO Running Shoes,₹647.00,4.0 out of 5 stars,769 ratings,In stock
29,Nivia Men Marathon Running Shoe for Mens | Rubber Outsole with Breathable Mesh Upper with PVC Synthetic Leather | Die Cut N.R E.VA Sockliner | Ideal for Trail Running,,4.0 out of 5 stars,532 ratings,Not Available
30,Bourge Mens Vega-m1 Running Shoes,₹699.00,4.2 out of 5 stars,"40,567 ratings",In stock
31,Campus Men's CATO Running Shoes,₹699.00,3.8 out of 5 stars,7 ratings,In stock
32,Bourge Mens Vega-m3 Running Shoes,₹699.00,4.2 out of 5 stars,"32,205 ratings",In stock
33,"Red Tape Grey Sports Shoes for Men's- Lace-Up Shoes, Perfect Walking & Running Shoes for Men","₹1,473.00",4.2 out of 5 stars,121 ratings,In stock
34,Puma Mens Coarse Running Shoe,"₹1,859.00",4.1 out of 5 stars,41 ratings,In stock
35,Adidas Mens Fluidglow M Running Shoes,"₹2,150.00",4.0 out of 5 stars,"1,397 ratings",In stock
36,Adidas Mens Elate M Running Shoe,"₹1,500.00",4.0 out of 5 stars,"4,117 ratings",In stock
37,Campus Men's Rodeo-2 Running Shoes,₹869.00,3.9 out of 5 stars,"16,035 ratings",Available to ship in 1-2 days
38,Puma Mens Scorch Runner V2 Running Shoe,"₹2,129.00",3.6 out of 5 stars,66 ratings,Only 2 left in stock
39,Campus Men's Royce-2 Running Shoes,₹829.00,4.0 out of 5 stars,"11,222 ratings",In stock
40,Campus Men's ZURIK PRO Running Shoes,"₹1,169.00",4.0 out of 5 stars,638 ratings,In stock
41,Sparx Men's Sx0421g Running Shoes,₹879.00,4.1 out of 5 stars,"5,880 ratings",In stock
42,Campus Mens 5g-820 Running Shoe,"₹1,034.00",3.8 out of 5 stars,"1,495 ratings",In stock
43,Adidas Mens Throb M Running Shoe,"₹1,749.00",4.0 out of 5 stars,"5,642 ratings",In stock
44,"ASIAN Men's Creta-12 Men's Running Shoes with Breathable Knitted Upper | Gym,Training, Running Shoes for Men's & Boy's",₹799.00,3.7 out of 5 stars,"13,456 ratings",In stock
45,Lancer Men's Sports Running Shoes Indus-251,₹648.00,3.7 out of 5 stars,"3,836 ratings",Only 1 left in stock
46,Adidas Mens Yking 2.0 Running Shoe,"₹2,179.00",4.1 out of 5 stars,"6,492 ratings",In stock
47,Campus Mens Syrus Running Shoes,₹824.00,4.0 out of 5 stars,"4,169 ratings",In stock
48,Sparx Men's Sm-675 Running Shoe,₹849.00,4.1 out of 5 stars,"6,344 ratings",In stock
49,Adidas Mens Duramo Sl 2.0 Sneaker,"₹3,563.00",4.3 out of 5 stars,251 ratings,In stock
50,Adidas Mens Glideease M Running Shoe,"₹1,572.00",3.6 out of 5 stars,14 ratings,In stock
51,Sparx Mens Sm-661 Sports Shoes,"₹1,279.00",3.9 out of 5 stars,"1,579 ratings",In stock
52,Sparx Men's Sm-705 Running Shoe,₹974.00,4.0 out of 5 stars,296 ratings,In stock
53,Adidas Mens Cyberrun M Running Shoe,"₹2,779.00",4.0 out of 5 stars,41 ratings,In stock
54,Campus Mens Syrus Running Shoes,₹824.00,4.0 out of 5 stars,"4,169 ratings",In stock
55,Sparx Men's Sm-678 Running Shoe,"₹1,439.00",4.1 out of 5 stars,"1,731 ratings",In stock
56,"ASIAN Men's Creta-12 Men's Running Shoes with Breathable Knitted Upper | Gym,Training, Running Shoes for Men's & Boy's",₹799.00,3.7 out of 5 stars,"13,456 ratings",In stock
57,Campus Men's Harley Running Shoes,₹599.00,4.0 out of 5 stars,899 ratings,In stock
58,Adidas Mens Adiscend M Running Shoe,"₹1,799.00",3.9 out of 5 stars,293 ratings,In stock
59,"ASIAN Wind-03 Sports Running,Walking & Gym Shoes with Eva Sole Casual Lightweight Slip-On Shoes for Men's & Boy's",₹624.00,3.8 out of 5 stars,"1,097 ratings",In stock
60,Sparx Mens Sm 651 Industrial Shoe,₹891.00,4.2 out of 5 stars,"9,420 ratings",In stock
61,"ASIAN Men's CAPTAIN-13 Sports Running,Walking & Gym Shoes with Lightweight Eva Sole with Casual Sneaker Shoes for Men's & Boy's",₹624.00,3.7 out of 5 stars,"2,285 ratings",In stock
62,Campus Men's ROC PRO Running Shoes,₹752.00,3.9 out of 5 stars,"1,604 ratings",In stock
63,Reebok Mens Speed Riser Running Shoe,"₹1,461.00",4.2 out of 5 stars,872 ratings,In stock
64,Sparx Men's Sx0679g Running Shoe,₹879.00,4.1 out of 5 stars,200 ratings,In stock
65,new balance Mens 490i Running Shoes,"₹2,781.00",3.8 out of 5 stars,"1,246 ratings",In stock
66,"AVANT Men's Ultra Light Running & Training Shoes |Rubberised EVA Outsole | Natural Rubber EVA Insole|Quick Dry Dolfin Mesh - Grey, UK 6",₹649.00,3.8 out of 5 stars,"3,776 ratings",In stock
67,Campus Men's Brazil ADV PRO Running Shoes,₹879.00,3.9 out of 5 stars,727 ratings,In stock
68,Reebok Mens Austin 2.0 M Sneaker,"₹1,386.00",3.7 out of 5 stars,21 ratings,In stock
69,"Red Tape Black Sports Shoes for Men- Lace-Up Shoes, Perfect Walking & Running Shoes for Men","₹1,473.00",3.7 out of 5 stars,34 ratings,In stock
70,Sparx Men's Running Shoes,₹879.00,4.0 out of 5 stars,"15,936 ratings",
71,"ASIAN Men's Chrome-02 Sports Running,Walking & Gym Shoes with Max Cushion Technology with Memory Form Casual Sneaker Shoes for Men's & Boy's","₹1,339.00",3.8 out of 5 stars,622 ratings,In stock
72,Adidas Mens Men's Fraizer M Running Shoes,"₹2,299.00",4.0 out of 5 stars,"1,040 ratings",In stock
73,Reebok Mens Energy Runner Lp Running Shoe,"₹1,241.00",4.0 out of 5 stars,"3,625 ratings",In stock
74,Adidas Men's Drogo M Running Shoes,"₹1,749.00",4.1 out of 5 stars,"9,568 ratings",In stock
75,Campus Men's Oslo PRO Running Shoes,₹919.00,3.9 out of 5 stars,"2,747 ratings",In stock
76,"Bacca Bucci Zeus Men Fashion Sneakers/Running Shoes with Chunky Rubber Outsole for Running, Walking, Training, Gyming, Streets, Parties & Fun","₹1,499.00",3.9 out of 5 stars,"1,064 ratings",In stock
77,"ASIAN Crystal-13 Sports Running,Walking & Gym Shoes with Crystal Cushion Technology Lightweight Casual Sneaker Shoes for Men's & Boy's","₹1,399.00",3.8 out of 5 stars,"2,311 ratings",In stock
78,Bacca Bucci Men's Running Shoe,"₹1,199.00",4.2 out of 5 stars,721 ratings,In stock
79,Adidas Men's Galaxy 5 Running Shoe,"₹2,799.00",4.0 out of 5 stars,"5,554 ratings",In stock
80,Puma Mens Foam Stride Running Shoe,"₹1,939.00",3.7 out of 5 stars,34 ratings,In stock
81,Campus Men's Dragon Running Shoes,"₹1,599.00",3.7 out of 5 stars,"3,264 ratings",In stock
82,"ASIAN Men's Bouncer-05 Sports Running Shoes Latest Stylish Casual Sneakers,Lace up Lightweight Shoes for Running, Walking, Gym",₹579.00,3.6 out of 5 stars,"1,760 ratings",In stock
83,ASIAN Men's Delta-14 Running Shoes for Men I Sport Shoes for Boys with Eva Sole for Extra Jump I Casual Shoes for Men,₹779.00,3.9 out of 5 stars,"1,878 ratings",In stock
84,Reebok Mens Comfort Infused M Running Shoe,"₹1,823.00",4.0 out of 5 stars,2 ratings,In stock
85,Centrino Mens 6077-02 Running Shoe,₹499.00,3.4 out of 5 stars,83 ratings,In stock
86,Adidas Mens Jest M Running Shoe,"₹2,099.00",3.9 out of 5 stars,"1,256 ratings",In stock
87,Puma Eternity Nitro,"₹6,109.00",4.3 out of 5 stars,41 ratings,In stock
88,Puma Mens Joy Run Sneaker,"₹1,376.00",3.3 out of 5 stars,22 ratings,In stock
89,Liberty Men LS-2005 Sports Shoes,₹999.00,3.8 out of 5 stars,894 ratings,In stock
90,BRUTON Men's Running Shoe,₹295.00,2.3 out of 5 stars,5 ratings,In stock
91,Adidas Men's Beamers M Running Shoe,"₹2,829.00",3.7 out of 5 stars,"1,110 ratings",In stock
92,"ASIAN Men's ZIGZAG-02 Sport Running,Walking,Gym Shoes with Cushioning Material,Extra Jump Lightweight Shoes TPR Outsole with Memory Foam Insole Casual Shoes for Men's & Boy's",₹899.00,Previous page,,In stock
93,Sparx Mens Sm-648 Sneaker,₹925.00,4.1 out of 5 stars,"2,955 ratings",In stock
94,Adidas Men's Adiglide M Running Shoe,"₹1,639.00",4.2 out of 5 stars,343 ratings,Available to ship in 1-2 days
95,FURO Men's H20004 F005 Running Shoe,"₹1,499.00",4.0 out of 5 stars,359 ratings,In stock
96,Sparx Mens Sx0438g Running Shoes,"₹1,539.00",3.9 out of 5 stars,"2,046 ratings",Only 1 left in stock
97,BLACKTOWN Men's Running Shoe,₹439.00,3.5 out of 5 stars,"1,501 ratings",In stock
98,Adidas Men Adistark 4.0 M Running Shoes,"₹2,579.00",4.2 out of 5 stars,435 ratings,In stock
99,Adidas Mens Aditron M Running Shoe,"₹1,839.00",3.8 out of 5 stars,35 ratings,Only 3 left in stock
100,Adidas Men's Adispree 5.0 M Running Shoes,"₹2,089.00",4.1 out of 5 stars,"1,220 ratings",In stock
101,Sparx Mens Sx0414g_spx Running Shoes,₹839.00,4.0 out of 5 stars,"8,919 ratings",In stock
102,Adidas Men's Adispree 5.0 M Running Shoes,"₹2,089.00",4.1 out of 5 stars,"1,220 ratings",In stock
103,"ASIAN Crystal-13 Sports Running,Walking & Gym Shoes with Crystal Cushion Technology Lightweight Casual Sneaker Shoes for Men's & Boy's","₹1,399.00",3.8 out of 5 stars,"2,311 ratings",In stock
104,Puma Eternity Nitro,"₹6,109.00",4.3 out of 5 stars,41 ratings,In stock
105,FURO Men's H20004 F005 Running Shoe,"₹1,499.00",4.0 out of 5 stars,359 ratings,In stock
106,"ASIAN Men's Bouncer-05 Sports Running Shoes Latest Stylish Casual Sneakers,Lace up Lightweight Shoes for Running, Walking, Gym",₹579.00,3.6 out of 5 stars,"1,760 ratings",In stock
107,Adidas Mens Vertago M Running Shoes,"₹1,715.00",4.1 out of 5 stars,122 ratings,In stock
108,Skechers Mens Go Run Fast - Hurtling Running Shoes,"₹3,500.00",4.0 out of 5 stars,63 ratings,In stock
109,Puma Men's Trackracer Idp Closed Shoe,"₹1,989.00",3.9 out of 5 stars,"5,013 ratings",In stock
110,"Bersache Sports Shoes for Men | Latest Stylish Sports Shoes for Men | Lace-Up Lightweight (Grey) Shoes for Running, Walking, Gym,Trekking and Hiking Shoes for Men","₹1,299.00",3.8 out of 5 stars,107 ratings,In stock
111,Reebok Mens Conor M Running Shoe,"₹1,228.00",4.2 out of 5 stars,26 ratings,In stock
112,Centrino Mens 6077-02 Running Shoe,₹499.00,3.4 out of 5 stars,83 ratings,In stock
113,Sparx Mens Sx0438g Running Shoes,"₹1,539.00",3.9 out of 5 stars,"2,046 ratings",Only 1 left in stock
114,Sparx Mens Sm-648 Sneaker,₹925.00,4.1 out of 5 stars,"2,955 ratings",In stock
115,Campus Men's Brazil PRO Running Shoes,"₹1,279.00",4.0 out of 5 stars,510 ratings,Only 5 left in stock
116,Adidas Mens Topazo M Running Shoes,"₹2,402.00",3.6 out of 5 stars,42 ratings,In stock
117,Adidas Men Adistark 4.0 M Running Shoes,"₹2,579.00",4.2 out of 5 stars,435 ratings,In stock
118,Sparx Men's Running Shoes,"₹1,339.68",4.0 out of 5 stars,"7,384 ratings",In stock
119,Centrino Mens 6078-03 Running Shoe,₹499.00,3.3 out of 5 stars,22 ratings,In stock
120,Campus Gents Camp Marlon Running Shoes,"₹1,049.00",4.1 out of 5 stars,25 ratings,Only 5 left in stock
121,Adidas Mens Orion M Running Shoes,"₹2,299.00",3.8 out of 5 stars,943 ratings,In stock
122,Adidas Men's Beamers M Running Shoe,"₹2,829.00",3.7 out of 5 stars,"1,110 ratings",In stock
123,Liberty Men LS-2005 Sports Shoes,₹999.00,3.8 out of 5 stars,894 ratings,In stock
124,BLACKTOWN Men's Running Shoe,₹439.00,3.5 out of 5 stars,"1,501 ratings",In stock
125,Reebok Mens Inspire 2.0 M Running Shoe,"₹1,266.00",Previous page,,Only 1 left in stock
126,Adidas Mens Seize The Street M Running Shoe,"₹3,219.00",3.7 out of 5 stars,146 ratings,In stock
127,Campus Men's League Running Shoes,₹689.00,4.2 out of 5 stars,88 ratings,In stock
128,Campus Men's Legend Running Shoes,₹662.87,3.9 out of 5 stars,"2,049 ratings",In stock
129,Campus Men's First Running Shoe,"₹1,299.00",3.9 out of 5 stars,"9,117 ratings",In stock
130,Adidas Mens Astorrun M Running Shoe,"₹3,023.00",4.2 out of 5 stars,17 ratings,In stock
131,Puma Mens Foam Stride Running Shoe,"₹1,939.00",3.7 out of 5 stars,34 ratings,In stock
132,Fila Mens Ardito Plus Sneaker,"₹1,249.00",3.7 out of 5 stars,95 ratings,In stock
133,Campus Men's Rumble Running Shoes,₹979.00,3.8 out of 5 stars,213 ratings,In stock
134,Puma Men's Dash Idp Shoes,"₹1,289.00",4.1 out of 5 stars,502 ratings,In stock
135,BRUTON Men's Running Shoe,₹295.00,2.3 out of 5 stars,5 ratings,In stock
136,"ASIAN Men's Synthetic Sports,Running,Casual Loafer Shoes for Boy's",₹589.00,3.8 out of 5 stars,"15,432 ratings",In stock
137,Sparx Mens Sm-610 Running Shoe,"₹1,499.79",4.0 out of 5 stars,"8,257 ratings",In stock
138,Adidas Mens Statix M Sd Running Shoes,"₹1,979.00",4.0 out of 5 stars,"2,618 ratings",In stock
139,Campus Men's Rocket PRO Running Shoes,₹979.00,3.8 out of 5 stars,404 ratings,Only 1 left in stock
140,Sparx mens Sx0379g Running Shoes,"₹1,279.00",4.2 out of 5 stars,"2,670 ratings",In stock
141,Adidas Mens X Ghosted.4 in Football Shoe,"₹2,261.13",4.0 out of 5 stars,"2,259 ratings",In stock
142,Campus Men's HARVEL PRO Running Shoes,₹749.00,3.9 out of 5 stars,557 ratings,In stock
143,"BRUTON Trendy, Casual, Sports, Running Shoes for Men, Shoes for Men",₹249.00,Previous page,,In stock
144,Puma Mens Flyer Runner Engineered Knit Running Shoe,"₹2,239.00",3.6 out of 5 stars,4 ratings,In stock
145,Campus Men's Abacus Running Shoes,"₹1,599.00",3.9 out of 5 stars,636 ratings,In stock
146,ASICS Men's Gel-Contend 5B Black/Orange Pop Running Shoe (1011B083.003),"₹2,278.00",4.0 out of 5 stars,658 ratings,In stock
147,Adidas Mens Harquin M Running Shoe,"₹1,959.00",4.1 out of 5 stars,195 ratings,In stock
148,new balance Mens 520i Running Shoe,"₹2,999.00",3.7 out of 5 stars,466 ratings,In stock
149,Campus Men's Abacus Running Shoes,"₹1,599.00",3.9 out of 5 stars,636 ratings,In stock
150,Sparx Men's Running Shoes,"₹1,079.00",4.0 out of 5 stars,"9,353 ratings",In stock
151,Adidas Mens Harquin M Running Shoe,"₹1,959.00",4.1 out of 5 stars,195 ratings,In stock
152,Reebok Mens Ree-Invent M Running Shoe,"₹2,160.00",Previous page,,In stock
153,ASICS Men's Gel-Contend 5B Black/Orange Pop Running Shoe (1011B083.003),"₹2,278.00",4.0 out of 5 stars,658 ratings,In stock
154,Reebok Mens Emergo Runner M Sneaker,"₹1,847.00",2.9 out of 5 stars,7 ratings,In stock
155,Adidas Mens Run Steady M Running Shoe,"₹3,023.00",4.1 out of 5 stars,496 ratings,In stock
156,"BRUTON Trendy, Casual, Sports, Running Shoes for Men, Shoes for Men",₹249.00,Previous page,,In stock
157,Xiaomi Mens Advanced Tech Running Shoe,"₹2,999.00",4.4 out of 5 stars,6 ratings,In stock
158,Adidas Mens Glowrun Reflective M Running Shoe,"₹2,300.00",4.0 out of 5 stars,"2,163 ratings",In stock
159,Skechers Mens Go Run Fast - Hurtling Running Shoes,"₹3,500.00",4.0 out of 5 stars,63 ratings,In stock
160,Campus Men's Meteor Running Shoes,₹740.00,3.8 out of 5 stars,468 ratings,In stock
161,Sparx Men's Running Shoes,"₹1,339.68",4.0 out of 5 stars,"7,384 ratings",In stock
162,Campus Men's PLATEUE Running Shoes,"₹1,199.00",3.9 out of 5 stars,278 ratings,In stock
163,"ASIAN F-04 Running Shoes,Gym Shoes,Training Shoes,Walking Shoes,Sports Shoes for Men",₹514.00,3.9 out of 5 stars,"14,543 ratings",In stock
164,ASICS Mens Gel-Galaxy 8b Running Shoe,"₹2,798.00",3.9 out of 5 stars,285 ratings,Only 1 left in stock
165,FILA Mens Rosun Plus Sneaker,"₹1,249.00",2.9 out of 5 stars,23 ratings,In stock
166,Reebok Men's Pulse Run Xtreme Lp Shoes,"₹1,799.00",3.9 out of 5 stars,"1,081 ratings",Only 1 left in stock
167,Reebok Mens Tread Lite Lux Lp Running Shoes,"₹1,511.00",3.8 out of 5 stars,"1,758 ratings",In stock
168,Adidas Mens Statix M Sd Running Shoes,"₹1,979.00",4.0 out of 5 stars,"2,618 ratings",In stock
169,Adidas Mens Seize The Street M Running Shoe,"₹2,069.00",3.7 out of 5 stars,146 ratings,In stock
170,Campus Men's Europa Running Shoes,₹792.00,3.8 out of 5 stars,676 ratings,In stock
171,Campus Men's Camp FIRESTAR Running Shoe,"₹1,219.00",3.4 out of 5 stars,6 ratings,In stock
172,Reebok Men's Sweep Runner Lp Running Shoes,"₹1,830.00",4.0 out of 5 stars,866 ratings,In stock
173,"Amico Men's Air Series Mesh Casual,Walking,Running/Gymwear Shoes…",₹499.00,2.9 out of 5 stars,290 ratings,Only 5 left in stock
174,Adidas Mens Revelrun M Running Shoe,"₹1,680.00",4.0 out of 5 stars,72 ratings,In stock
175,ASIAN Men's Delta-21 Running Shoes for Men I Sport Shoes for Boys with Eva Sole for Extra Jump I Casual Shoes for Men,₹759.00,3.8 out of 5 stars,497 ratings,In stock
176,"ASIAN Men's ZIGZAG-02 Sport Running,Walking,Gym Shoes with Cushioning Material,Extra Jump Lightweight Shoes TPR Outsole with Memory Foam Insole Casual Shoes for Men's & Boy's",₹899.00,Previous page,,In stock
177,Asian Shoes Men's Future-01 White Nevy Blue Running Shoe-7Uk,₹514.00,3.9 out of 5 stars,"1,314 ratings",In stock
178,"ASIAN Men's Bouncer-01 Sports,Walking,Gym,Training,Running Shoes",₹599.00,3.7 out of 5 stars,"13,386 ratings",In stock
179,ASICS Mens Hyper Speed 2 Running Shoe,"₹7,199.00",4.2 out of 5 stars,25 ratings,Only 2 left in stock
180,Puma Mens Seawalk Running Shoes,"₹2,344.00",4.1 out of 5 stars,"4,213 ratings",In stock
181,Campus Men's Legend Running Shoes,₹662.87,3.9 out of 5 stars,"2,049 ratings",In stock
182,Puma Men's Dash Idp Shoes,"₹1,289.00",4.1 out of 5 stars,502 ratings,In stock
183,Red Tape Men Black Walking Shoes,"₹1,271.00",4.1 out of 5 stars,81 ratings,In stock
184,Adidas Men's Rush M Running Shoe,"₹2,299.00",4.2 out of 5 stars,852 ratings,In stock
185,Campus Men's VAYU Running Shoes,₹997.00,3.9 out of 5 stars,184 ratings,In stock
186,Adidas Mens Eq19 Run Running Shoes,"₹3,893.00",4.3 out of 5 stars,"1,277 ratings",In stock
187,Adidas mens Glarus M Running Shoes,"₹1,911.00",4.1 out of 5 stars,"2,634 ratings",In stock
188,Red Tape Men Grey Walking Shoes,"₹1,770.00",1.0 out of 5 stars,1 rating,In stock
189,Bacca Bucci® Men's Flex 5.0 Running Shoes for Tuff Surface Run with Natural Rubber & Eva Sole and Breathable Upper,"₹1,599.00",3.8 out of 5 stars,282 ratings,In stock
190,Bacca Bucci Project Plus Running Walking Training Shoe Specially Developed for Wide and Large Foots | Only Big UK-11 to 15,"₹1,699.00",5.0 out of 5 stars,3 ratings,In stock
191,Adidas Lite Racer Adapt 4.0,"₹2,400.00",4.5 out of 5 stars,"8,789 ratings",Only 3 left in stock
192,Campus Men's Running Shoes,₹759.00,4.1 out of 5 stars,"3,351 ratings",In stock
193,CULTSPORT Windblazer Men Running Shoes,"₹2,000.00",4.0 out of 5 stars,15 ratings,Only 1 left in stock
194,Centrino Men 7511 Running Shoe,₹619.00,3.7 out of 5 stars,584 ratings,In stock
195,Puma Men's Dazzler Sneakers,"₹1,410.00",4.0 out of 5 stars,"3,737 ratings",Only 2 left in stock
196,"ASIAN Men's Easywalk-08 Sports Running Shoes,First Walker, Gym Casual Sneaker Lace-Up Lightweight Shoes",₹749.00,3.8 out of 5 stars,"4,565 ratings",In stock
197,Bourge Mens Loire-z-168 Running Shoe,₹739.00,3.7 out of 5 stars,93 ratings,In stock
198,ASICS Mens Hyper Speed 2 Running Shoe,"₹7,199.00",4.2 out of 5 stars,25 ratings,Only 2 left in stock
199,Adidas Men's Clinch-X M Running Shoe,"₹1,889.00",4.0 out of 5 stars,"4,153 ratings",In stock
200,"ASIAN Men's ZIGZAG-02 Sport Running,Walking,Gym Shoes with Cushioning Material,Extra Jump Lightweight Shoes TPR Outsole with Memory Foam Insole Casual Shoes for Men's & Boy's",₹899.00,Previous page,,In stock
201,ASICS mens Gel-phoenix 7b Running Shoe,"₹2,585.00",3.8 out of 5 stars,74 ratings,Only 4 left in stock
202,Campus Men's Europa Running Shoes,₹792.00,3.8 out of 5 stars,676 ratings,In stock
203,Campus Men's VAYU Running Shoes,₹997.00,3.9 out of 5 stars,184 ratings,In stock
204,ASIAN Men's Waterproof-13 Synthetic Sports Running Shoes,₹649.00,3.6 out of 5 stars,923 ratings,In stock
205,Puma Mens Liberate Nitro Cooladapt Running Shoe,"₹6,049.00",3.9 out of 5 stars,137 ratings,Only 3 left in stock
206,Campus Men's Wynk Running Shoes,₹650.00,3.8 out of 5 stars,167 ratings,In stock
207,Nike Men's Air Max 270 Running Shoes,"₹9,377.00",4.5 out of 5 stars,"3,310 ratings",In stock
208,Puma Unisex-Adult Aviator Profoam Sky Running Shoe,"₹3,999.00",4.1 out of 5 stars,63 ratings,In stock
209,Puma Mens Cell Fraction Mesh Running Shoe,"₹3,239.00",4.3 out of 5 stars,89 ratings,In stock
210,Adidas Lite Racer Adapt 4.0,"₹2,400.00",4.5 out of 5 stars,"8,789 ratings",Only 3 left in stock
211,Bacca Bucci mens Velocity Sports Sneakers,"₹1,399.00",3.8 out of 5 stars,266 ratings,In stock
212,Adidas India Private Limited Mens Yking 2.0 SILVMT/GREFIV/SSLIME Running Shoe - 8 UK (CJ8044),"₹2,109.00",4.0 out of 5 stars,489 ratings,In stock
213,ASICS Mens Gel-Galaxy 8b Running Shoe,"₹2,798.00",3.9 out of 5 stars,285 ratings,Only 1 left in stock
214,Adidas Mens Supa Beam M Running Shoes,"₹2,352.00",3.5 out of 5 stars,24 ratings,In stock
215,Puma unisex-adult Nrgy Comet Running Shoe,"₹2,119.00",3.9 out of 5 stars,925 ratings,In stock
216,Campus Men's Wisdom Running Shoes,"₹1,099.00",3.9 out of 5 stars,"4,113 ratings",In stock
217,Campus Men's PLATEUE Running Shoes,"₹1,199.00",3.9 out of 5 stars,278 ratings,In stock
218,Nike Mens React-Type GTX Gore-tex Running Shoe,"₹12,069.00",3.0 out of 5 stars,29 ratings,In stock
219,Reebok Mens Stride Runner Running Shoe,"₹1,047.00",4.1 out of 5 stars,"2,920 ratings",Only 3 left in stock
220,Adidas Mens Orbitra M Running Shoe,"₹3,139.00",4.2 out of 5 stars,40 ratings,In stock
221,Campus Men's Kent Running Shoes,₹766.00,4.0 out of 5 stars,"2,849 ratings",In stock
222,Centrino Men 7511 Running Shoe,₹619.00,3.7 out of 5 stars,584 ratings,In stock
223,Puma Unisex-Adult Cliff Running Shoe,"₹1,579.00",3.6 out of 5 stars,4 ratings,In stock
224,Campus Men's Legend Running Shoes,₹662.87,3.9 out of 5 stars,"2,049 ratings",In stock
225,Reebok Mens Pursuit Runner Running Shoe,"₹2,209.00",Previous page,,In stock
226,Sparx Men SM-008B Sports Shoes,"₹1,158.03",4.0 out of 5 stars,"1,380 ratings",In stock
227,URJO Mens Men_Endure Running Shoes,₹859.00,4.0 out of 5 stars,219 ratings,In stock
228,Bourge Mens Loire-z170 Sneaker,"₹1,089.00",3.8 out of 5 stars,52 ratings,In stock
229,PUK3502GS Men Casual Shoes | Stylish Walking Outdoor Shoes for Everyday Wear | Smart & Trendy Design for Occasion wear | Comfortable Cushioned Soles,₹989.00,5.0 out of 5 stars,1 rating,In stock
230,CULTSPORT Windblazer Men Running Shoes,"₹2,000.00",4.0 out of 5 stars,15 ratings,Only 1 left in stock
231,Puma Mens Wish Max Running Shoe,"₹1,939.00",5.0 out of 5 stars,1 rating,In stock
232,ASIAN Rider-01 Sky White Phylon Sports Shoes for Men,"₹1,024.00",3.7 out of 5 stars,"7,631 ratings",In stock
233,FURO by Redchief Running Laceup Shoe for Men R1044,"₹1,699.00",3.8 out of 5 stars,126 ratings,In stock
234,ASIAN mens Newton-01 Sneaker,₹549.00,3.7 out of 5 stars,107 ratings,In stock
235,LANCER Mens HUMMER-610 Green Running Shoe - 9 UK (HUMMER-610BGN-RED-9),₹656.00,Previous page,,Only 5 left in stock
236,Nike Mens Air Zoom Structure 24 Running Shoe,"₹7,207.00",4.2 out of 5 stars,151 ratings,Only 1 left in stock
237,Skechers Men's Go Fast Running Shoes,"₹2,399.45",4.1 out of 5 stars,369 ratings,In stock
238,Red Tape Men Navy Walking Shoes,"₹1,253.00",3.6 out of 5 stars,3 ratings,In stock
239,ASIAN Men's Waterproof-11 Running Shoes for Men I Sport Shoes for Boys with Eva Sole for Extra Jump I Casual Shoes for Men,₹699.00,3.3 out of 5 stars,210 ratings,Only 1 left in stock
240,Bourge Mens Loire-z-179 Running Shoe,₹699.00,3.3 out of 5 stars,34 ratings,In stock
241,Puma Mens Velocity Trn Running Shoe,"₹2,599.00",3.5 out of 5 stars,20 ratings,Only 1 left in stock
242,Reebok Mens Craze Runner M Running Shoe,"₹4,025.00",3.9 out of 5 stars,5 ratings,Only 2 left in stock
243,Reebok Men's Pulse Run Xtreme Lp Shoes,"₹1,799.00",3.9 out of 5 stars,"1,081 ratings",Only 1 left in stock
244,"ASIAN Men's Hattrick-09 Sports Running,Walking & Gym Shoes for Eva Sole Extra Jump Lightweight Casual Sneaker Shoes Men's & Boy's",₹649.00,3.8 out of 5 stars,"3,325 ratings",In stock
245,Bacca Bucci Project Plus Running Walking Training Gym Shoes Specially Developed for Wide and Large Foots | Only Big UK-11 to 15,"₹1,699.00",5.0 out of 5 stars,2 ratings,In stock
246,Puma Mens Lqdcell Method Training Shoe,"₹3,399.00",3.8 out of 5 stars,211 ratings,Only 2 left in stock
247,Bourge Men's Loire-z3 Running Shoes,₹721.29,4.1 out of 5 stars,"4,377 ratings",In stock
248,BRUTON Shoes for Trendy Shoes | Casual Shoes | Sports Shoes | Running Shoes | Exclusive Shoes for Men (Numeric_9) Blue,₹229.00,3.1 out of 5 stars,85 ratings,In stock
249,Adidas Mens Response Super 2.0 Running Shoes,"₹8,999.00",3.7 out of 5 stars,93 ratings,Only 1 left in stock
250,Skechers Men's Go Fast Running Shoes,"₹2,969.00",4.1 out of 5 stars,369 ratings,In stock
251,Adidas Mens Adistar Td Running Shoe,"₹4,319.00",3.9 out of 5 stars,202 ratings,Only 5 left in stock
252,"ASIAN Men's Hattrick-09 Sports Running,Walking & Gym Shoes for Eva Sole Extra Jump Lightweight Casual Sneaker Shoes Men's & Boy's",₹649.00,3.8 out of 5 stars,"3,325 ratings",In stock
253,Campus Men's Wisdom Running Shoes,"₹1,099.00",3.9 out of 5 stars,"4,113 ratings",In stock
254,Sparx Mens Sx0379g Running Shoe,"₹1,279.00",4.1 out of 5 stars,464 ratings,In stock
255,Bourge Mens Loire-z-196 Running Shoe,₹779.00,3.5 out of 5 stars,88 ratings,In stock
256,FURO by Redchief Running Laceup Shoe for Men R1044,"₹1,699.00",3.8 out of 5 stars,126 ratings,In stock
257,Power Men ISIS Running Shoes,"₹1,359.00",3.8 out of 5 stars,393 ratings,In stock
258,Campus Men Simon PRO Running Shoes,₹919.00,3.8 out of 5 stars,"1,203 ratings",Only 1 left in stock
259,"PARAGON K1209G Men Walking, Running, Training, Cricket, Gym, Sports Shoes | Athletic Shoes with Comfortable Cushioned Sole for Daily Outdoor Use","₹1,049.00",4.1 out of 5 stars,24 ratings,In stock
260,Nike Mens Joyride Run Flyknit Running Shoe,"₹11,249.00",3.4 out of 5 stars,65 ratings,In stock
261,Adidas Mens Orbitra M Running Shoe,"₹2,500.00",4.2 out of 5 stars,40 ratings,Only 5 left in stock
262,Reebok Mens Smart Trek Running Shoe,"₹2,040.00",4.0 out of 5 stars,272 ratings,In stock
263,Sparx Mens Sx0375g Running Shoes,₹891.00,4.3 out of 5 stars,"1,279 ratings",In stock
264,Red Tape Men Navy Walking Shoes,"₹1,253.00",3.6 out of 5 stars,3 ratings,In stock
265,FURO by Redchief Running Shoe for Men R1046,"₹1,699.00",4.0 out of 5 stars,210 ratings,In stock
266,Bourge Mens Loire-z-168 Running Shoe,₹739.00,3.7 out of 5 stars,93 ratings,In stock
267,Reebok Mens Stride Runner Running Shoe,"₹1,047.00",4.1 out of 5 stars,"2,920 ratings",Only 3 left in stock
268,Campus Men's Kosmo PRO Running Shoes,₹799.00,4.0 out of 5 stars,185 ratings,In stock
269,URJO Mens Men_Endure Running Shoes,₹859.00,4.0 out of 5 stars,219 ratings,In stock
270,Centrino Mens 6067-03 Running Shoe,₹499.00,3.5 out of 5 stars,156 ratings,In stock
271,"ASIAN Men's BLADE-10 Running,Walking,Gym,Training,Casual,Sports Shoes",₹699.00,3.7 out of 5 stars,497 ratings,In stock
272,"BRUTON Shoes for Trendy, Casual, Sports Running, Exclusive Shoes for Men",₹299.00,2.8 out of 5 stars,44 ratings,In stock
273,Reebok Mens Pursuit Runner Running Shoe,"₹2,209.00",Previous page,,In stock
274,Bacca Bucci® Mens Rapid Sports Casual Running Shoes Walking Jogging Gym Sneakers Comfortable Breathable Trainers Athletic (Size UK-6 to 12),"₹1,299.00",3.7 out of 5 stars,912 ratings,In stock
277,LANCER Men's North-1 Sports Running Shoes,₹765.00,3.5 out of 5 stars,68 ratings,In stock
278,FURO Low Ankle Lace-Up Sports Running Shoes for Men FNF8,"₹1,350.00",3.8 out of 5 stars,3 ratings,In stock
279,LANCER Men's Lace Up Sports Running Outdoor Shoes,₹814.00,3.6 out of 5 stars,785 ratings,In stock
280,"ASIAN Men's Thar-08 Sports Running,Walking & Gym Shoes with Eva Sole Extra Jump Casual Sneaker Shoes for Men's & Boy's…",₹624.00,3.6 out of 5 stars,60 ratings,In stock
284,Campus North Plus Running Shoe,"₹1,249.00",2.4 out of 5 stars,8 ratings,In stock
285,ASIAN Men's Waterproof-11 Running Shoes for Men I Sport Shoes for Boys with Eva Sole for Extra Jump I Casual Shoes for Men,₹699.00,3.3 out of 5 stars,210 ratings,Only 1 left in stock
286,PUK3502GS Men Casual Shoes | Stylish Walking Outdoor Shoes for Everyday Wear | Smart & Trendy Design for Occasion wear | Comfortable Cushioned Soles,₹989.00,5.0 out of 5 stars,1 rating,In stock
287,Sparx Mens Sm-406 Running Shoe,₹961.00,4.2 out of 5 stars,713 ratings,In stock
290,Bacca Bucci Men's Running Shoes,₹999.00,3.7 out of 5 stars,380 ratings,In stock
291,BRUTON Shoes for Trendy Shoes | Gym Shoe | Sports Shoes | Running Shoes | Shoes for Men,₹249.00,2.9 out of 5 stars,148 ratings,In stock
292,FURO Running Sports Shoes for Men,₹999.00,3.9 out of 5 stars,13 ratings,In stock
297,LANCER Mens ACTIVE-104 Green Running Shoe - 8 UK (ACTIVE-104BGN-PGN-8),₹540.66,Previous page,,Only 5 left in stock
299,Puma Mens Clasp Idp Closed Shoe,"₹1,319.00",4.1 out of 5 stars,632 ratings,In stock
301,URJO Mens T-02 Running Shoes,₹739.00,3.8 out of 5 stars,690 ratings,In stock